Domain Code,Domain,Area Code (M49),Area,Element Code,Element,Item Code,Item,Year Code,Year,Unit,Value,Flag,Flag Description,Note
"OA","Annual population","040","Austria","511","Total Population - Both sexes","3010","Population - Est. & Proj.","2015","2015","1000 No","8644.039","X","Figure from external organization",""
"OA","Annual population","040","Austria","511","Total Population - Both sexes","3010","Population - Est. & Proj.","2016","2016","1000 No","8737.915","X","Figure from external organization",""
"OA","Annual population","040","Austria","511","Total Population - Both sexes","3010","Population - Est. & Proj.","2017","2017","1000 No","8798.778","X","Figure from external organization",""
"OA","Annual population","040","Austria","511","Total Population - Both sexes","3010","Population - Est. & Proj.","2018","2018","1000 No","8841.65","X","Figure from external organization",""
"OA","Annual population","040","Austria","511","Total Population - Both sexes","3010","Population - Est. & Proj.","2019","2019","1000 No","8880.876","X","Figure from external organization",""
"OA","Annual population","040","Austria","511","Total Population - Both sexes","3010","Population - Est. & Proj.","2020","2020","1000 No","8921.405","X","Figure from external organization",""
"OA","Annual population","056","Belgium","511","Total Population - Both sexes","3010","Population - Est. & Proj.","2015","2015","1000 No","11275.335","X","Figure from external organization",""
"OA","Annual population","056","Belgium","511","Total Population - Both sexes","3010","Population - Est. & Proj.","2016","2016","1000 No","11332.701","X","Figure from external organization",""
"OA","Annual population","056","Belgium","511","Total Population - Both sexes","3010","Population - Est. & Proj.","2017","2017","1000 No","11376.581","X","Figure from external organization",""
"OA","Annual population","056","Belgium","511","Total Population - Both sexes","3010","Population - Est. & Proj.","2018","2018","1000 No","11428.605","X","Figure from external organization",""
"OA","Annual population","056","Belgium","511","Total Population - Both sexes","3010","Population - Est. & Proj.","2019","2019","1000 No","11490.618","X","Figure from external organization",""
"OA","Annual population","056","Belgium","511","Total Population - Both sexes","3010","Population - Est. & Proj.","2020","2020","1000 No","11540.107","X","Figure from external organization",""
"OA","Annual population","100","Bulgaria","511","Total Population - Both sexes","3010","Population - Est. & Proj.","2015","2015","1000 No","7177.517","X","Figure from external organization",""
"OA","Annual population","100","Bulgaria","511","Total Population - Both sexes","3010","Population - Est. & Proj.","2016","2016","1000 No","7127.434","X","Figure from external organization",""
"OA","Annual population","100","Bulgaria","511","Total Population - Both sexes","3010","Population - Est. & Proj.","2017","2017","1000 No","7075.636","X","Figure from external organization",""
"OA","Annual population","100","Bulgaria","511","Total Population - Both sexes","3010","Population - Est. & Proj.","2018","2018","1000 No","7024.745","X","Figure from external organization",""
"OA","Annual population","100","Bulgaria","511","Total Population - Both sexes","3010","Population - Est. & Proj.","2019","2019","1000 No","6975.469","X","Figure from external organization",""
"OA","Annual population","100","Bulgaria","511","Total Population - Both sexes","3010","Population - Est. & Proj.","2020","2020","1000 No","6933.652","X","Figure from external organization",""
"OA","Annual population","191","Croatia","511","Total Population - Both sexes","3010","Population - Est. & Proj.","2015","2015","1000 No","4183.729","X","Figure from external organization",""
"OA","Annual population","191","Croatia","511","Total Population - Both sexes","3010","Population - Est. & Proj.","2016","2016","1000 No","4136.444","X","Figure from external organization",""
"OA","Annual population","191","Croatia","511","Total Population - Both sexes","3010","Population - Est. & Proj.","2017","2017","1000 No","4079.2","X","Figure from external organization",""
"OA","Annual population","191","Croatia","511","Total Population - Both sexes","3010","Population - Est. & Proj.","2018","2018","1000 No","4024.868","X","Figure from external organization",""
"OA","Annual population","191","Croatia","511","Total Population - Both sexes","3010","Population - Est. & Proj.","2019","2019","1000 No","3986.334","X","Figure from external organization",""
"OA","Annual population","191","Croatia","511","Total Population - Both sexes","3010","Population - Est. & Proj.","2020","2020","1000 No","3953.958","X","Figure from external organization",""
"OA","Annual population","196","Cyprus","511","Total Population - Both sexes","3010","Population - Est. & Proj.","2015","2015","1000 No","1219.502","X","Figure from external organization",""
"OA","Annual population","196","Cyprus","511","Total Population - Both sexes","3010","Population - Est. & Proj.","2016","2016","1000 No","1237.112","X","Figure from external organization",""
"OA","Annual population","196","Cyprus","511","Total Population - Both sexes","3010","Population - Est. & Proj.","2017","2017","1000 No","1254.275","X","Figure from external organization",""
"OA","Annual population","196","Cyprus","511","Total Population - Both sexes","3010","Population - Est. & Proj.","2018","2018","1000 No","1270.737","X","Figure from external organization",""
"OA","Annual population","196","Cyprus","511","Total Population - Both sexes","3010","Population - Est. & Proj.","2019","2019","1000 No","1286.671","X","Figure from external organization",""
"OA","Annual population","196","Cyprus","511","Total Population - Both sexes","3010","Population - Est. & Proj.","2020","2020","1000 No","1302.247","X","Figure from external organization",""
"OA","Annual population","203","Czechia","511","Total Population - Both sexes","3010","Population - Est. & Proj.","2015","2015","1000 No","10524.416","X","Figure from external organization",""
"OA","Annual population","203","Czechia","511","Total Population - Both sexes","3010","Population - Est. & Proj.","2016","2016","1000 No","10531.948","X","Figure from external organization",""
"OA","Annual population","203","Czechia","511","Total Population - Both sexes","3010","Population - Est. & Proj.","2017","2017","1000 No","10541.342","X","Figure from external organization",""
"OA","Annual population","203","Czechia","511","Total Population - Both sexes","3010","Population - Est. & Proj.","2018","2018","1000 No","10548.937","X","Figure from external organization",""
"OA","Annual population","203","Czechia","511","Total Population - Both sexes","3010","Population - Est. & Proj.","2019","2019","1000 No","10554.875","X","Figure from external organization",""
"OA","Annual population","203","Czechia","511","Total Population - Both sexes","3010","Population - Est. & Proj.","2020","2020","1000 No","10550.129","X","Figure from external organization",""
"OA","Annual population","208","Denmark","511","Total Population - Both sexes","3010","Population - Est. & Proj.","2015","2015","1000 No","5683.701","X","Figure from external organization",""
"OA","Annual population","208","Denmark","511","Total Population - Both sexes","3010","Population - Est. & Proj.","2016","2016","1000 No","5728.201","X","Figure from external organization",""
"OA","Annual population","208","Denmark","511","Total Population - Both sexes","3010","Population - Est. & Proj.","2017","2017","1000 No","5765.168","X","Figure from external organization",""
"OA","Annual population","208","Denmark","511","Total Population - Both sexes","3010","Population - Est. & Proj.","2018","2018","1000 No","5793.824","X","Figure from external organization",""
"OA","Annual population","208","Denmark","511","Total Population - Both sexes","3010","Population - Est. & Proj.","2019","2019","1000 No","5814.618","X","Figure from external organization",""
"OA","Annual population","208","Denmark","511","Total Population - Both sexes","3010","Population - Est. & Proj.","2020","2020","1000 No","5831.53","X","Figure from external organization",""
"OA","Annual population","233","Estonia","511","Total Population - Both sexes","3010","Population - Est. & Proj.","2015","2015","1000 No","1314.576","X","Figure from external organization",""
"OA","Annual population","233","Estonia","511","Total Population - Both sexes","3010","Population - Est. & Proj.","2016","2016","1000 No","1315.849","X","Figure from external organization",""
"OA","Annual population","233","Estonia","511","Total Population - Both sexes","3010","Population - Est. & Proj.","2017","2017","1000 No","1317.425","X","Figure from external organization",""
"OA","Annual population","233","Estonia","511","Total Population - Both sexes","3010","Population - Est. & Proj.","2018","2018","1000 No","1321.965","X","Figure from external organization",""
"OA","Annual population","233","Estonia","511","Total Population - Both sexes","3010","Population - Est. & Proj.","2019","2019","1000 No","1326.822","X","Figure from external organization",""
"OA","Annual population","233","Estonia","511","Total Population - Both sexes","3010","Population - Est. & Proj.","2020","2020","1000 No","1329.669","X","Figure from external organization",""
"OA","Annual population","246","Finland","511","Total Population - Both sexes","3010","Population - Est. & Proj.","2015","2015","1000 No","5479.717","X","Figure from external organization",""
"OA","Annual population","246","Finland","511","Total Population - Both sexes","3010","Population - Est. & Proj.","2016","2016","1000 No","5495.469","X","Figure from external organization",""
"OA","Annual population","246","Finland","511","Total Population - Both sexes","3010","Population - Est. & Proj.","2017","2017","1000 No","5508.396","X","Figure from external organization",""
"OA","Annual population","246","Finland","511","Total Population - Both sexes","3010","Population - Est. & Proj.","2018","2018","1000 No","5515.736","X","Figure from external organization",""
"OA","Annual population","246","Finland","511","Total Population - Both sexes","3010","Population - Est. & Proj.","2019","2019","1000 No","5521.759","X","Figure from external organization",""
"OA","Annual population","246","Finland","511","Total Population - Both sexes","3010","Population - Est. & Proj.","2020","2020","1000 No","5529.612","X","Figure from external organization",""
"OA","Annual population","250","France","511","Total Population - Both sexes","3010","Population - Est. & Proj.","2015","2015","1000 No","64916.336","X","Figure from external organization",""
"OA","Annual population","250","France","511","Total Population - Both sexes","3010","Population - Est. & Proj.","2016","2016","1000 No","65086.856","X","Figure from external organization",""
"OA","Annual population","250","France","511","Total Population - Both sexes","3010","Population - Est. & Proj.","2017","2017","1000 No","65284.776","X","Figure from external organization",""
"OA","Annual population","250","France","511","Total Population - Both sexes","3010","Population - Est. & Proj.","2018","2018","1000 No","65519.543","X","Figure from external organization",""
"OA","Annual population","250","France","511","Total Population - Both sexes","3010","Population - Est. & Proj.","2019","2019","1000 No","65729.459","X","Figure from external organization",""
"OA","Annual population","250","France","511","Total Population - Both sexes","3010","Population - Est. & Proj.","2020","2020","1000 No","65905.277","X","Figure from external organization",""
"OA","Annual population","276","Germany","511","Total Population - Both sexes","3010","Population - Est. & Proj.","2015","2015","1000 No","82077.551","X","Figure from external organization",""
"OA","Annual population","276","Germany","511","Total Population - Both sexes","3010","Population - Est. & Proj.","2016","2016","1000 No","82760.102","X","Figure from external organization",""
"OA","Annual population","276","Germany","511","Total Population - Both sexes","3010","Population - Est. & Proj.","2017","2017","1000 No","83104.007","X","Figure from external organization",""
"OA","Annual population","276","Germany","511","Total Population - Both sexes","3010","Population - Est. & Proj.","2018","2018","1000 No","83368.505","X","Figure from external organization",""
"OA","Annual population","276","Germany","511","Total Population - Both sexes","3010","Population - Est. & Proj.","2019","2019","1000 No","83559.186","X","Figure from external organization",""
"OA","Annual population","276","Germany","511","Total Population - Both sexes","3010","Population - Est. & Proj.","2020","2020","1000 No","83628.708","X","Figure from external organization",""
"OA","Annual population","300","Greece","511","Total Population - Both sexes","3010","Population - Est. & Proj.","2015","2015","1000 No","10820.903","X","Figure from external organization",""
"OA","Annual population","300","Greece","511","Total Population - Both sexes","3010","Population - Est. & Proj.","2016","2016","1000 No","10775.504","X","Figure from external organization",""
"OA","Annual population","300","Greece","511","Total Population - Both sexes","3010","Population - Est. & Proj.","2017","2017","1000 No","10753.533","X","Figure from external organization",""
"OA","Annual population","300","Greece","511","Total Population - Both sexes","3010","Population - Est. & Proj.","2018","2018","1000 No","10730.844","X","Figure from external organization",""
"OA","Annual population","300","Greece","511","Total Population - Both sexes","3010","Population - Est. & Proj.","2019","2019","1000 No","10718.576","X","Figure from external organization",""
"OA","Annual population","300","Greece","511","Total Population - Both sexes","3010","Population - Est. & Proj.","2020","2020","1000 No","10699.369","X","Figure from external organization",""
"OA","Annual population","348","Hungary","511","Total Population - Both sexes","3010","Population - Est. & Proj.","2015","2015","1000 No","9839.211","X","Figure from external organization",""
"OA","Annual population","348","Hungary","511","Total Population - Both sexes","3010","Population - Est. & Proj.","2016","2016","1000 No","9810.532","X","Figure from external organization",""
"OA","Annual population","348","Hungary","511","Total Population - Both sexes","3010","Population - Est. & Proj.","2017","2017","1000 No","9785.604","X","Figure from external organization",""
"OA","Annual population","348","Hungary","511","Total Population - Both sexes","3010","Population - Est. & Proj.","2018","2018","1000 No","9774.394","X","Figure from external organization",""
"OA","Annual population","348","Hungary","511","Total Population - Both sexes","3010","Population - Est. & Proj.","2019","2019","1000 No","9770.346","X","Figure from external organization",""
"OA","Annual population","348","Hungary","511","Total Population - Both sexes","3010","Population - Est. & Proj.","2020","2020","1000 No","9749.457","X","Figure from external organization",""
"OA","Annual population","372","Ireland","511","Total Population - Both sexes","3010","Population - Est. & Proj.","2015","2015","1000 No","4702.487","X","Figure from external organization",""
"OA","Annual population","372","Ireland","511","Total Population - Both sexes","3010","Population - Est. & Proj.","2016","2016","1000 No","4753.503","X","Figure from external organization",""
"OA","Annual population","372","Ireland","511","Total Population - Both sexes","3010","Population - Est. & Proj.","2017","2017","1000 No","4810.261","X","Figure from external organization",""
"OA","Annual population","372","Ireland","511","Total Population - Both sexes","3010","Population - Est. & Proj.","2018","2018","1000 No","4872.556","X","Figure from external organization",""
"OA","Annual population","372","Ireland","511","Total Population - Both sexes","3010","Population - Est. & Proj.","2019","2019","1000 No","4933.491","X","Figure from external organization",""
"OA","Annual population","372","Ireland","511","Total Population - Both sexes","3010","Population - Est. & Proj.","2020","2020","1000 No","4982.606","X","Figure from external organization",""
"OA","Annual population","380","Italy","511","Total Population - Both sexes","3010","Population - Est. & Proj.","2015","2015","1000 No","60575.316","X","Figure from external organization",""
"OA","Annual population","380","Italy","511","Total Population - Both sexes","3010","Population - Est. & Proj.","2016","2016","1000 No","60478.108","X","Figure from external organization",""
"OA","Annual population","380","Italy","511","Total Population - Both sexes","3010","Population - Est. & Proj.","2017","2017","1000 No","60390.318","X","Figure from external organization",""
"OA","Annual population","380","Italy","511","Total Population - Both sexes","3010","Population - Est. & Proj.","2018","2018","1000 No","60277.499","X","Figure from external organization",""
"OA","Annual population","380","Italy","511","Total Population - Both sexes","3010","Population - Est. & Proj.","2019","2019","1000 No","60130.136","X","Figure from external organization",""
"OA","Annual population","380","Italy","511","Total Population - Both sexes","3010","Population - Est. & Proj.","2020","2020","1000 No","59912.769","X","Figure from external organization",""
"OA","Annual population","428","Latvia","511","Total Population - Both sexes","3010","Population - Est. & Proj.","2015","2015","1000 No","1977.867","X","Figure from external organization",""
"OA","Annual population","428","Latvia","511","Total Population - Both sexes","3010","Population - Est. & Proj.","2016","2016","1000 No","1959.863","X","Figure from external organization",""
"OA","Annual population","428","Latvia","511","Total Population - Both sexes","3010","Population - Est. & Proj.","2017","2017","1000 No","1942.594","X","Figure from external organization",""
"OA","Annual population","428","Latvia","511","Total Population - Both sexes","3010","Population - Est. & Proj.","2018","2018","1000 No","1927.588","X","Figure from external organization",""
"OA","Annual population","428","Latvia","511","Total Population - Both sexes","3010","Population - Est. & Proj.","2019","2019","1000 No","1914.263","X","Figure from external organization",""
"OA","Annual population","428","Latvia","511","Total Population - Both sexes","3010","Population - Est. & Proj.","2020","2020","1000 No","1901.123","X","Figure from external organization",""
"OA","Annual population","440","Lithuania","511","Total Population - Both sexes","3010","Population - Est. & Proj.","2015","2015","1000 No","2905.764","X","Figure from external organization",""
"OA","Annual population","440","Lithuania","511","Total Population - Both sexes","3010","Population - Est. & Proj.","2016","2016","1000 No","2869.11","X","Figure from external organization",""
"OA","Annual population","440","Lithuania","511","Total Population - Both sexes","3010","Population - Est. & Proj.","2017","2017","1000 No","2829.313","X","Figure from external organization",""
"OA","Annual population","440","Lithuania","511","Total Population - Both sexes","3010","Population - Est. & Proj.","2018","2018","1000 No","2802.478","X","Figure from external organization",""
"OA","Annual population","440","Lithuania","511","Total Population - Both sexes","3010","Population - Est. & Proj.","2019","2019","1000 No","2795.058","X","Figure from external organization",""
"OA","Annual population","440","Lithuania","511","Total Population - Both sexes","3010","Population - Est. & Proj.","2020","2020","1000 No","2795.765","X","Figure from external organization",""
"OA","Annual population","442","Luxembourg","511","Total Population - Both sexes","3010","Population - Est. & Proj.","2015","2015","1000 No","569.536","X","Figure from external organization",""
"OA","Annual population","442","Luxembourg","511","Total Population - Both sexes","3010","Population - Est. & Proj.","2016","2016","1000 No","583.506","X","Figure from external organization",""
"OA","Annual population","442","Luxembourg","511","Total Population - Both sexes","3010","Population - Est. & Proj.","2017","2017","1000 No","596.495","X","Figure from external organization",""
"OA","Annual population","442","Luxembourg","511","Total Population - Both sexes","3010","Population - Est. & Proj.","2018","2018","1000 No","608.101","X","Figure from external organization",""
"OA","Annual population","442","Luxembourg","511","Total Population - Both sexes","3010","Population - Est. & Proj.","2019","2019","1000 No","620.163","X","Figure from external organization",""
"OA","Annual population","442","Luxembourg","511","Total Population - Both sexes","3010","Population - Est. & Proj.","2020","2020","1000 No","630.597","X","Figure from external organization",""
"OA","Annual population","470","Malta","511","Total Population - Both sexes","3010","Population - Est. & Proj.","2015","2015","1000 No","444.981","X","Figure from external organization",""
"OA","Annual population","470","Malta","511","Total Population - Both sexes","3010","Population - Est. & Proj.","2016","2016","1000 No","455.269","X","Figure from external organization",""
"OA","Annual population","470","Malta","511","Total Population - Both sexes","3010","Population - Est. & Proj.","2017","2017","1000 No","467.902","X","Figure from external organization",""
"OA","Annual population","470","Malta","511","Total Population - Both sexes","3010","Population - Est. & Proj.","2018","2018","1000 No","484.558","X","Figure from external organization",""
"OA","Annual population","470","Malta","511","Total Population - Both sexes","3010","Population - Est. & Proj.","2019","2019","1000 No","504.015","X","Figure from external organization",""
"OA","Annual population","470","Malta","511","Total Population - Both sexes","3010","Population - Est. & Proj.","2020","2020","1000 No","518.207","X","Figure from external organization",""
"OA","Annual population","528","Netherlands (Kingdom of the)","511","Total Population - Both sexes","3010","Population - Est. & Proj.","2015","2015","1000 No","17107.433","X","Figure from external organization",""
"OA","Annual population","528","Netherlands (Kingdom of the)","511","Total Population - Both sexes","3010","Population - Est. & Proj.","2016","2016","1000 No","17204.693","X","Figure from external organization",""
"OA","Annual population","528","Netherlands (Kingdom of the)","511","Total Population - Both sexes","3010","Population - Est. & Proj.","2017","2017","1000 No","17315.37","X","Figure from external organization",""
"OA","Annual population","528","Netherlands (Kingdom of the)","511","Total Population - Both sexes","3010","Population - Est. & Proj.","2018","2018","1000 No","17421.28","X","Figure from external organization",""
"OA","Annual population","528","Netherlands (Kingdom of the)","511","Total Population - Both sexes","3010","Population - Est. & Proj.","2019","2019","1000 No","17537.507","X","Figure from external organization",""
"OA","Annual population","528","Netherlands (Kingdom of the)","511","Total Population - Both sexes","3010","Population - Est. & Proj.","2020","2020","1000 No","17636.731","X","Figure from external organization",""
"OA","Annual population","616","Poland","511","Total Population - Both sexes","3010","Population - Est. & Proj.","2015","2015","1000 No","38266.314","X","Figure from external organization",""
"OA","Annual population","616","Poland","511","Total Population - Both sexes","3010","Population - Est. & Proj.","2016","2016","1000 No","38263.265","X","Figure from external organization",""
"OA","Annual population","616","Poland","511","Total Population - Both sexes","3010","Population - Est. & Proj.","2017","2017","1000 No","38254.959","X","Figure from external organization",""
"OA","Annual population","616","Poland","511","Total Population - Both sexes","3010","Population - Est. & Proj.","2018","2018","1000 No","38241.07","X","Figure from external organization",""
"OA","Annual population","616","Poland","511","Total Population - Both sexes","3010","Population - Est. & Proj.","2019","2019","1000 No","38225.885","X","Figure from external organization",""
"OA","Annual population","616","Poland","511","Total Population - Both sexes","3010","Population - Est. & Proj.","2020","2020","1000 No","38171.012","X","Figure from external organization",""
"OA","Annual population","620","Portugal","511","Total Population - Both sexes","3010","Population - Est. & Proj.","2015","2015","1000 No","10370.267","X","Figure from external organization",""
"OA","Annual population","620","Portugal","511","Total Population - Both sexes","3010","Population - Est. & Proj.","2016","2016","1000 No","10346.372","X","Figure from external organization",""
"OA","Annual population","620","Portugal","511","Total Population - Both sexes","3010","Population - Est. & Proj.","2017","2017","1000 No","10330.844","X","Figure from external organization",""
"OA","Annual population","620","Portugal","511","Total Population - Both sexes","3010","Population - Est. & Proj.","2018","2018","1000 No","10325.353","X","Figure from external organization",""
"OA","Annual population","620","Portugal","511","Total Population - Both sexes","3010","Population - Est. & Proj.","2019","2019","1000 No","10343.213","X","Figure from external organization",""
"OA","Annual population","620","Portugal","511","Total Population - Both sexes","3010","Population - Est. & Proj.","2020","2020","1000 No","10370.519","X","Figure from external organization",""
"OA","Annual population","642","Romania","511","Total Population - Both sexes","3010","Population - Est. & Proj.","2015","2015","1000 No","19871.019","X","Figure from external organization",""
"OA","Annual population","642","Romania","511","Total Population - Both sexes","3010","Population - Est. & Proj.","2016","2016","1000 No","19777.051","X","Figure from external organization",""
"OA","Annual population","642","Romania","511","Total Population - Both sexes","3010","Population - Est. & Proj.","2017","2017","1000 No","19689.402","X","Figure from external organization",""
"OA","Annual population","642","Romania","511","Total Population - Both sexes","3010","Population - Est. & Proj.","2018","2018","1000 No","19597.872","X","Figure from external organization",""
"OA","Annual population","642","Romania","511","Total Population - Both sexes","3010","Population - Est. & Proj.","2019","2019","1000 No","19501.542","X","Figure from external organization",""
"OA","Annual population","642","Romania","511","Total Population - Both sexes","3010","Population - Est. & Proj.","2020","2020","1000 No","19392.469","X","Figure from external organization",""
"OA","Annual population","703","Slovakia","511","Total Population - Both sexes","3010","Population - Est. & Proj.","2015","2015","1000 No","5420.278","X","Figure from external organization",""
"OA","Annual population","703","Slovakia","511","Total Population - Both sexes","3010","Population - Est. & Proj.","2016","2016","1000 No","5427.259","X","Figure from external organization",""
"OA","Annual population","703","Slovakia","511","Total Population - Both sexes","3010","Population - Est. & Proj.","2017","2017","1000 No","5435.7","X","Figure from external organization",""
"OA","Annual population","703","Slovakia","511","Total Population - Both sexes","3010","Population - Est. & Proj.","2018","2018","1000 No","5443.232","X","Figure from external organization",""
"OA","Annual population","703","Slovakia","511","Total Population - Both sexes","3010","Population - Est. & Proj.","2019","2019","1000 No","5450.626","X","Figure from external organization",""
"OA","Annual population","703","Slovakia","511","Total Population - Both sexes","3010","Population - Est. & Proj.","2020","2020","1000 No","5455.024","X","Figure from external organization",""
"OA","Annual population","705","Slovenia","511","Total Population - Both sexes","3010","Population - Est. & Proj.","2015","2015","1000 No","2059.947","X","Figure from external organization",""
"OA","Annual population","705","Slovenia","511","Total Population - Both sexes","3010","Population - Est. & Proj.","2016","2016","1000 No","2061.373","X","Figure from external organization",""
"OA","Annual population","705","Slovenia","511","Total Population - Both sexes","3010","Population - Est. & Proj.","2017","2017","1000 No","2062.41","X","Figure from external organization",""
"OA","Annual population","705","Slovenia","511","Total Population - Both sexes","3010","Population - Est. & Proj.","2018","2018","1000 No","2069.481","X","Figure from external organization",""
"OA","Annual population","705","Slovenia","511","Total Population - Both sexes","3010","Population - Est. & Proj.","2019","2019","1000 No","2083.439","X","Figure from external organization",""
"OA","Annual population","705","Slovenia","511","Total Population - Both sexes","3010","Population - Est. & Proj.","2020","2020","1000 No","2102.419","X","Figure from external organization",""
"OA","Annual population","724","Spain","511","Total Population - Both sexes","3010","Population - Est. & Proj.","2015","2015","1000 No","46683.686","X","Figure from external organization",""
"OA","Annual population","724","Spain","511","Total Population - Both sexes","3010","Population - Est. & Proj.","2016","2016","1000 No","46732.771","X","Figure from external organization",""
"OA","Annual population","724","Spain","511","Total Population - Both sexes","3010","Population - Est. & Proj.","2017","2017","1000 No","46868.596","X","Figure from external organization",""
"OA","Annual population","724","Spain","511","Total Population - Both sexes","3010","Population - Est. & Proj.","2018","2018","1000 No","47092.821","X","Figure from external organization",""
"OA","Annual population","724","Spain","511","Total Population - Both sexes","3010","Population - Est. & Proj.","2019","2019","1000 No","47435.119","X","Figure from external organization",""
"OA","Annual population","724","Spain","511","Total Population - Both sexes","3010","Population - Est. & Proj.","2020","2020","1000 No","47679.489","X","Figure from external organization",""
"OA","Annual population","752","Sweden","511","Total Population - Both sexes","3010","Population - Est. & Proj.","2015","2015","1000 No","9799.481","X","Figure from external organization",""
"OA","Annual population","752","Sweden","511","Total Population - Both sexes","3010","Population - Est. & Proj.","2016","2016","1000 No","9923.28","X","Figure from external organization",""
"OA","Annual population","752","Sweden","511","Total Population - Both sexes","3010","Population - Est. & Proj.","2017","2017","1000 No","10057.862","X","Figure from external organization",""
"OA","Annual population","752","Sweden","511","Total Population - Both sexes","3010","Population - Est. & Proj.","2018","2018","1000 No","10175.405","X","Figure from external organization",""
"OA","Annual population","752","Sweden","511","Total Population - Both sexes","3010","Population - Est. & Proj.","2019","2019","1000 No","10279.125","X","Figure from external organization",""
"OA","Annual population","752","Sweden","511","Total Population - Both sexes","3010","Population - Est. & Proj.","2020","2020","1000 No","10353.686","X","Figure from external organization",""
